{
	"miniprogramRoot": "dist/",
	"projectname": "omip-svg",
	"description": "",
	"appid": "wxfaf6dad43f57c6bd",
	"setting": {
		"urlCheck": true,
		"es6": false,
		"postcss": false,
		"minified": false
	},
	"compileType": "miniprogram",
	"simulatorType": "wechat",
	"simulatorPluginLibVersion": {},
	"condition": {
		"search": {
			"current": -1,
			"list": []
		},
		"conversation": {
			"current": -1,
			"list": []
		},
		"plugin": {
			"current": -1,
			"list": []
		},
		"game": {
			"list": []
		},
		"miniprogram": {
			"current": 0,
			"list": [
				{
					"id": -1,
					"name": "animate",
					"pathName": "pages/animate/index",
					"scene": null
				}
			]
		}
	}
}